题目,选项,答案
履带式或汽车起重机行驶时，不准碰上( )。,电线 |电杆拉线|电杆|建筑物,ABCD
不准进入有煤的煤斗内捅堵煤。在特殊情况下，需进入有煤的煤斗内进行工作时，必须经主管生产的领导批准，并采取下列安全措施：（）,当发生异常时，禁止采用不当方法施救，以免事故扩大|工作人员应戴口罩、手套，把袖口和裤脚扎好，进入煤斗必须使用安全带，安全带的绳子应缚在外面的固定装置上(禁止把绳子缚在铁轨上)并至少有2人在外面进行监护，进入煤斗后安全带应由监护人一直保持在稍微拉紧的状态，工作人员应使用梯子上下|通知运行值班人员将煤斗出口挡板关闭，切断给煤机电源并挂警告牌|防止煤斗内CO等有害气体中毒|打开煤斗箅子或箅子上的人孔门时，应采取措施，防止箅子或人孔门落入煤斗。工作结束后应将箅子或人孔重新盖好并拴牢|如果煤堆积在煤斗的一侧并有很大的陡坡(60 o～70 o)时，应在进入煤斗前将陡坡用捅条消除，以免塌下将人埋住,ABCDEF
斗轮机、皮带等贮运煤设备开动前，必须进行音响警示，管理部门应对（）等进行详细规定。,间隔时间|次数|持续时间|检查时间,ABC
"许可进行工作的事项,包括（）必须记在运行班长（或值长）的操作记录簿内",工作票号码|完工时间|工作任务|许可工作时间,ABCD
禁止在（）行走和坐、立，如必需在管道上坐、立才能工作时，必须做好安全措施。,运行中设备的轴承上|栏杆上|管道上|安全罩上|靠背轮上,ABCDE
在转动部分附近使用梯子时，为了避免机械转动部分突然卷住工作人员的衣服，应在梯子与机械转动部分之间临时设置（ ）防护。,隔离绳 |铁皮|薄板|金属网,CD
遇有电气设备着火时，应立即将有关设备的电源切断，然后进行救火。对可能带电的电气设备以及发电机、电动机等，应使用()灭火；,干式灭火器|泡沫式灭火器|二氧化碳灭火器|六氟丙烷灭火器,ACD
所有（）都应保持完整，铁板必须铺设牢固。,栏杆|通道|楼梯 |平台,ABCD
在通道上使用梯子时，应设（ ）。,设置临时围栏|监护人|警示牌|并封闭通道,AB
在转动部分附近使用梯子时，为了避免机械转动部分突然卷住工作人员的衣服，应在梯子与机械转动部分之间临时设置（ ）防护。,隔离绳|薄板|不需隔离|金属网,BD
发现电动机着火可使用()灭火器灭火。,干沙|干式灭火器|六氟丙烷|二氧化碳灭火器,BCD
防触电事故预防，最为常见安全措施有哪些(),安全间距|屏护|限压|绝缘,ABD
触电伤员如意识丧失，应在10S内用( )的方法判定伤员有无呼吸。,试 |听 |摸|看,ABD
消防安全标识有()。,提示标识 |禁止标识 | 警告标识 | 疏散标识,ABCD
对外来 ( ) 等人员，必须进行现场危险有害因素、应急事项等的告知，并在有关人员陪同下方可进入现场。,指导|参观| 学习 | 检查|检修,ABCD
下列哪些属于保证安全的技术措施：()。,操作票制度|装设接地线|悬挂标示牌|验电|工作监护制度,BCD
工作票的填写应正确、清楚，如有个别错、漏字需要修改，应()。,字迹清楚|使用规范的符号|在修改处盖章或签名|更换新票重写,AB
一张工作票中，()三者不得互相兼任。,工作负责人|工作许可人|工作票签发人|专责监护人,ABC
电力行力紧急救护技术规范有( )。,溺水急救技术规范 | 有害气体中毒急救技术规范|高温急救技术规范 |触电急救技术规范 | 创伤急救技术规范,ABCDE
现场紧急救护应 ( ),动作迅速、果断 | 方法正确、有效|就地抢救,ABC
禁止利用任何 ( ) 等作为起吊支承点悬吊重物和起吊设备。,支吊架|脚手架 |设备底座|栏杆 |管道,ABCDE
所有 ( ) 平台以及通道等有坠落危险处，必须设置符合标准的固定式工业防护栏杆、扶手等实施。,楼梯|大小孔洞 |升降口|吊装孔,ABCD
在检修工作中如需将盖板取下，必须装设牢固的硬质围栏和明显的 ( ) 等安全警示标示牌。,当心坠落 |当心坑洞 |当心烫伤| 当心吊物,AB
工作服禁止使用 ( ) 的衣料制作，以防遇火燃烧加重烧伤程度。,纯棉|化纤或棉|尼龙| 化纤混纺,BCD
所有工作人员均应具备必要的安全救护知识，应学会紧急救护方法，特别要学会触电急救法、窒息急救法、心肺复苏法等。掌握防护用品的使用方法，会使用现场消防器材，并熟悉有关 ( ) 等急救知识。,溺水|烫伤|气体中毒|外伤|烧伤,ABCDE
成套接地线应(　)接地线必须应使用专用的线夹固定在导体上，严禁用缠绕的方法进行接地或短路。,其截面不得小于25mm2|用有透明护套的多股软铜线组成| 禁止使用其他导线作接地线或短路线|同时应满足装设地点短路电流的要求|接地线在每次装设前应经过详细检查,ABCD
操作票包含(　),操作编号| 操作顺序 | 操作时间|操作任务,ABCD
操作票是操作前填写()的规范化票式。,操作编号| 操作时间|操作内容| 操作顺序,CD
全部工作完毕后，工作负责人应向运行人员交待(　)等，并与运行人员共同检查设备状况、状态。,所修项目状况|未处理的问题|发现的问题|试验结果,ABCD
在工作票停电范围内增加工作任务时，若无需变更安全措施范围，应由工作负责人征得(　)同意，在原工作票上增填工作项目。,工作票签发人 | 值班负责人|站长 |工作许可人,AD
工作票一份交给()，另一份交()。,工作许可人|工作票签发人|工作负责人| 值班负责人,AC
工作许可人在完成施工作业现场的安全措施后，还应完成以下手续：(　)。,在工作现场全程监护工作班成员作业| 对工作负责人指明带电设备的位置和注意事项|会同工作负责人到现场再次检查所做的安全措施|会同工作负责人在工作票上分别确认、签名,BCD
工作许可人的安全职责有(　)。,确认工作现场布置的安全措施完备，确认检修设备无突然来电的危险| 确认工作票所列安全措施正确完备，符合现场条件|对工作票所列内容有疑问，应向工作票签发人询问清楚，必要时应要求补充|确认所派工作负责人和工作班人员适当、充足,ABC
抢救中暑患者，应()。严重者送医院治疗。,及时给患者口服盐水|用各种方法给患者降温|迅速转移到阴凉通风处休息|人工呼吸,ABC
生产现场和经常有人工作的场所应配备急救箱，存放急救用品，并应指定专人经常()。,更换|补充|检查|清扫,ABC
脱离电源，就是要把触电者接触的那一部分带电设备的所有()断开；或设法将触电者与带电设备脱离开。,其他断路设备|断路器(开关)|导线|隔离开关(刀闸),ABD
安规规定，禁止在皮带上或其它有关设备上()。跨越皮带必须经过通行桥。,爬过|传递各种用具|越过|站立,ABCD
安规规定，在移去煤中的雷管时，必须由专业人员操作并特别小心，防止()，在任何情况下不得拉动导火线。运煤皮带上发现雷管时，应立即将皮带停下处理。取出的雷管，必须交有关部门处理。,受热|撞击|挤压|掉落,ABCD
安规规定，禁止在()或运行中设备的轴承上行走和坐立，如必需在管道上坐立才能工作时，必须做好安全措施。,栏杆上|管道上|安全罩上|靠背轮上,ABCD
安规规定，只有在转动部分对工作人员没有危险时，方可允许()往油盅和轴承里加油。,用长嘴油壶|用油枪|用设备专用工具|用长嘴油壶或油枪,ABD
安规规定，禁止在运行中()机器的旋转和移动的部分，禁止将手伸入栅栏内。,擦拭|靠近|清扫|润滑,ACD
对于临时工的管理，正确的是( ),临时工从事生产工作所需的安全防护用品的发放应与固定职工相同 |禁止在没有监护的条件下指派临时工单独从事有危险的工作|临时工上岗前，必须经过安全生产知识和安全生产规程的培训，考试合格后，持证上岗 |临时工分散到车间、班组参加电力生产工作时，由所在车间、班组负责人领导,ABCD
防坠落护品包括哪些种()。,绝缘鞋|安全带|安全帽|安全网,BD
“运行值班人员补充的安全措施”栏的内容包括( ),补充工作票签发人(或工作负责人)提出的安全措施。 |提示检修人员的安全注意事项。|由于运行方式或设备缺陷需要扩大隔断范围的措施 |运行人员需要采取的保障检修现场人身安全和运行设备安全的措施,ABCD
工作票许可人的安全职责(),对工作负责人正确说明哪些设备有压力、高温和爆炸危险等|安全措施确已完善和正确执行 |对工作人员给予必要指导 |检修设备与运行设备确已隔断,ABD
《电力安全工作规程 第1部分 热力和机械》(GB 26164.1-2010)第3.3.9条款规定：工作人员进入生产现场，禁止穿()；,凉鞋|拖鞋|高跟鞋|劳保鞋,ABC
必须使用硬板担架搬运的伤员有()。,骨盆骨折的伤员|腰椎骨折的伤员|大腿骨折的伤员|颈椎骨折的伤员,ABD
安全技术交底必须具备()。,针对性强 | 指明法律责任|具体、明确| 书面,ACD
电厂存在的主要安全风险有()。,烧、灼伤| 交通事故| 触电、窒息|人员坠落、物体打击,ABCD
高处作业安全带禁止系挂在()支持体上。,移动的| 低于作业位置的|不牢固的| 和作业位置等高的,BCD
对高温中暑人员将使用()进行急救处理。,头部放置冰袋| 用冷水擦浴| 湿毛巾覆盖身体| 电扇吹风|立即转移到阴凉通风处,ABCDE
中暑的一般症状有()，等严重时抽搐、惊厥甚至昏迷。,眩晕|虚脱|恶心| 呕吐| 胸闷,ABCDE
高处作业应遵守的安全事项有(),使用工具袋| 传递物件不得上下抛掷|地点下方需设立隔离区| 使用安全带|戴安全帽,ABCDE
电力生产必须层层落实安全生产责任制，做到在()生产工作的同时，()安全工作。,计划|布置|检查|总结|考核|,ABCDE
新建、改建、扩建工程的安全设施必须与主体工程()。,同时设计|同时施工|同时投入生产和使用|同时完工,ABC
厂房等主要建筑物、构筑物必须定期进行检查和维护，结构应无（）的现象，门窗及锁扣应完整，化妆板和宣传板、牌等附着物应固定牢固。,损坏|倾斜|裂纹|风化|下塌|腐蚀,BCDEF
厂房内和室内的通道应随时保持畅通。地面应保持清洁，有（）等，必须及时清除，以防滑跌。,灰浆|泥污|油迹|树脂,ABCD
所有升降口、大小孔洞（未安装固定盖板者）、楼梯和平台，必须装设不低于（） 高的栏杆和不低于 高的脚部护板。,1050mm|1200mm|100mm|200mm,AC
禁止在工作场所存储易燃物品，例如（）等。,汽油|煤油|酒精|丙酮|柴油,ABCD
进入煤粉仓、引水洞等相对受限场所以及地下厂房等空气流动性较差的场所作业，必须事先进行通风，并测量（）等气体含量，确认不会发生缺氧、中毒、爆炸等情况，方可开始作业。,氧气|一氧化碳|二氧化碳|可燃气|,ABD
在高温场所工作时，应为工作人员提供足够的()。对温度较高的作业场所必须增加通风设备，根据现场情况安排间歇作业并做好监护工作。,通风|饮水|清凉饮料|防暑药品,BCD
企业必须对所有新员工进行企业（厂/公司）、部门（车间/分公司）、班组（岗位）三级安全教育培训，告知企业安全制度、作业现场和工作岗位存在的（），学习本规程和其他相关安全规程，并经考试合格后方可上岗。,风险点|危险因素|防范措施|事故应急措施,BCD
外来参观人员必须被告知（）和（），并在有关人员的陪同下，方可进入现场。,危险因素|现场危险点|安全注意事项|防范措施,BC
任何人员进入生产现场，除（）外，必须戴好安全帽。,厂区道路|办公室|控制室|值班室|检修班组室,BCDEF
禁止在转动中的设备上（）和（）皮带或传动链条，或直接用手往皮带上撒松香等物品。,装卸|使用|校正|紧固,AC
禁止在运行中（）设备的旋转和移动的部分，严禁将手伸入栅栏内。,清扫|擦拭|润滑|调整,ABC
在生产设备、系统上进行（）工作，需要对设备、系统采取安全措施或需要运行人员在运行方式、操作调整上采取保障人身、设备安全措施的工作时，必须使用工作票。,安装|检修|维护|试验|调试|检查,ABCDEF
火力发电企业在热控电源、等涉及DCS、联锁系统及设备上的工作，需要将生产设备、系统停止运行或退出备用的，使用热控工作票.,通信|测量|监视|调节|保护,ABCDE
在生产设备、系统上进行()等无需设备、系统调整或隔离措施的工作，应使用介入工作票，介入工作票必须在12h 内终结。,文明生产|定期检查|脚手架搭设|保温施工|检修,ABCD
每年对（）进行安全规程、运行规程和检修规程的培训和考试，考试合格的，经企业主管安全生产的领导（总工程师）批准，以书面文件形式公布，并在相应地点保存备用。,工作负责人|工作许可人|工作票签发人|专责监护人,ABC
工作票“工作内容”栏：描述工作内容，要求（）。,标准|准确|清楚|完整,BCD
工作票“必须采取的安全措施”栏：填写检修工作应具备的安全措施，安全措施应（）。,周密|细致|不错项|不漏项,ABCD
工作许可人向工作负责人详细说明哪些设备（）和有毒有害介质等。,运行|带电|有压力|高温|爆炸,BCDE
（）和（）共同到现场验收，检查设备状况、有无遗留物件、是否清洁等，然后在工作票上填写工作结束时间，双方签名，工作方告终结。,工作许可人|运行人员|工作负责人| 监护人,AC
工作许可人应是具有相关（）以及熟悉（）的相关内容，由企业分管安全生产领导书面批准的运行值班人员。,工作经验|设备、系统情况|安全规程|运行规程,ABCD
工作票中值班负责人（运行班长、单元长）安全职责（）,对工作票的许可至终结程序执行负责|对工作票所列安全措施的完备、正确执行负责|对工作结束后的安全措施拆除与保留情况的准确填写和执行情况负责|安全措施确已完善和正确地执行,ABC
根据（）等因素，将动火工作级别划分为一级动火、二级动火两个级别。,火灾危险性|发生火灾损失、影响|重点防火部位|易燃易爆区域,AB
动火工作票不准代替（），应在动火工作票上注明检修工作票、紧急抢修单的编号。,操作票|检修工作票|紧急抢修单|介入票,BC
与运行设备有关的动火工作必须办理运行许可手续。在满足运行部门可动火条件，运行许可人在动火工作票填写（），完成运行许可手续。,安全注意事项|许可动火时间|签名|计划工作时间,BC
二级动火：在检查应配备的消防设施和采取的消防措施、安全措施已符合要求，可燃性、易爆气体含量或粉尘浓度合格后，（）分别签名确认，并由动火部门（车间）安监人员填写允许动火时间。,动火执行人|消防监护人|动火工作负责人|动火部门（车间）安监人员|工作许可人|运行值班负责人,ABCD
二级动火时，（）必须始终在现场监护。,工作许可人|动火部门安监人员|消防监护人|工作负责人,CD
消防监护人应由本单位（）担任。,专职消防员|志愿消防员|运行人员|检修人员,AB
动火运行许可人主要安全责任（）,核实动火工作时间、部位|确认动火工作票所列安全措施正确、完备，符合现场条件|确保动火设备与运行设备已经隔绝，完成相应安全措施|向动火工作负责人交代运行所做的安全措施,ABCD
动火作业前，应清除动火现场（）的易燃易爆物品。,周围|上方|下方|,ABC
严禁在各类储运煤设备运行中进行任何（）工作。,调整|检修|维护|清理,BCD
严禁在可能突然下落的设备（如抓斗、吊斗等）下面进行（）。,工作|通行|逗留|巡检,AB
各种储运煤设备（）正常，有定期检查、试验记录。抱闸良好，转动部分防护罩牢固。,限位|保护（含拉线开关等）|电气联锁|声、光信号报警装置|,ABCD
斗轮机、翻车机、螺旋卸煤机等设备的()时，应将电动机的开关拉开。,作业结束|作业中断|操作人员休息|作业暂停,ABC
储煤场应有（），消防车辆的通道应畅通。,良好的照明|排水沟|消防设备|安全防护装置,ABC
煤场煤堆应定期测温，存煤应及时倒烧。发现自燃时，应及时采取措施灭火，防止（）等气体中毒，不应将已经燃烧的原煤运送到输送机胶带上。,一氧化碳|二氧化碳|二氧化硫|,AC
斗轮机、卸船机、桥式及龙门抓煤机等停止工作时，（）等机构应处于安全停用位置，轮斗及抓斗应放置在有可靠支点的位置固定，并应切断电源，上好夹轨器。,大车|悬臂|轮斗|抓斗,ABCD
卸船机操作室应设有（）或警报器等安全设施；应设有常规故障显示器及监视器等装置。,窗户|门锁|灭火器|安全防护装置,BC
遇有（）天气等应停止卸船作业，并将卸船机开至指定停机位置，将锚定板插入锚定坑中，迅速组织人员撤离到安全地带。,高温|暴雨|大风|大雾|极寒,BCD
带式输送机通廊或有关设备室、操作室内严禁积存（）等。,易燃、易爆物品|油污件|煤粉|积煤,ABC
进入落煤管进行清理堵煤、更换衬板等工作时，必须采取可靠的（）等安全措施。,防火|防爆|防坠落|防中毒|防设备转动|防落煤,ABCDEF
（）、配煤车等设备应各自设置单独的就地紧急停止按钮，并与带式输送机的拉线开关一起参与联锁保护。,皮带机|碎煤机|滚轴筛|给煤机,BCD
恶劣天气时（如巨浪、6 级以上大风、暴雨、暴雪、浓雾、雷电等），禁止煤船清舱作业。()天气上下舱应系设安全带。,酷暑|严冬|大风|雨雪,BCD
禁止在起吊清舱机上（）。舱面（地面）工作人员不得在清舱机和抓斗的下方通行或停留。,载人|载物|超速|急停,AB
应及时清除码头工作场所的（）。冰冻时应做好防滑跌措施。码头上不准堆积杂物及易燃易爆物品。,油渍|霜|雪|积煤,ABC
输煤皮带停止上煤期间，也应坚持巡视检查，发现应及时清理。,油渍|积煤|积粉|杂物,BC
在（）等类事故方面，应认真贯彻安全组织措施和技术措施，并配备经国家或省、部级质检机构检测合格的、可靠性高的安全工器具和防护用品。,防止触电|高处坠落|机器伤害|灼烫伤,ABCD
要对执行安全规程制度中的主要人员如（）等定期进行正确执行安全规程制度的培训，务使熟练地掌握有关安全措施和要求，明确职责，严把安全关。,工作票签发人|工作负责人|工作许可人|工作操作监护人,ABCD
应经常进行各种形式的安全思想教育，提高职工的（）。,风险意识|安全防护意识|安全防护方法|技能水平,BC
努力提高除尘器的运行水平，严格执行电除尘运行维护导则。对设备运行中存在的（）及时处理，保证除尘器运行效率。,故障|问题|除尘效果|除尘效率,AB
加强燃用煤种的煤质（）管理，燃用易自燃的煤种应及早通知运行人员，以便加强监视和巡查，发现异常及时处理。,分析|配煤|计量|化验,AB
对于新建、扩建的火力发电机组（）及其他易燃易爆场所，宜选用阻燃电缆。,主厂房|输煤|燃油|码头|储煤场,ABC
建立健全电缆（）等各项规章制度。坚持定期巡视检查，对电缆中间接头定期测温，按规定进行预防性试验。,维护|检查|防火|报警,ABCD
"电缆沟应保持清洁（）,安全电压的照明充足，禁止堆放杂物。锅炉、燃煤储运车间内架空电缆上的粉尘应定期清扫。",封堵完好|无杂物|不积粉尘|不积水,CD
厂内专用机动车辆（电瓶车、铲车、翻斗车等）的使用与管理，应遵守下列（ ）规定。,机动车车厢以外的任何部位或货运汽车、拖拉机的挂车、起重车、罐车、平板车和轮胎式专用车，翻斗车、铲车不得载人。|车辆应由专人驾驶和保养，驾驶人员必须经有关部门的专业技术和安全操作考试合格，持有效驾驶证后，方可独立驾驶。|开车前应检查车辆的制动系统、转向系统、操纵机构和传动系统、行驶系统、车身的安全性能；叉车还应检查升降架、倾斜机构、叉架动作应正常。车辆的制动器、转向器、喇叭、灯光、雨刷和后视镜必须保持齐全有效。行驶途中，如制动器、转向器、喇叭、灯光发生故障或雨雪天雨刷发生故障时，应停车进行修复，未经修复不得继续驾驶。|车辆装载不得超过铭牌核定荷重。,ABCD
在通道上使用梯子时，应设（）,警示牌|监护人|并封闭通道|设置临时围栏,BD
企业对新员工应告知作业现场和工作岗位存在的（）。,防范措施|技能要求|事故应急措施 |危险因素,ACD
在高温场所工作时，应为工作人员提供足够的（）。,防暑药品|营养食物|饮水|清凉饮料,ACD
应该避免靠近和长时间的停留在可能受到烫伤的地方，例如：( )。,汽轮机低压缸|煤粉系统和锅炉烟道的人孔及检查孔和防爆门、安全门附近|汽、水、燃油管道的法兰盘、阀门附近|除氧器、热交换器、汽包的水位计以及捞渣机等处,BCD
使用电气工具时，工作中（）应立即切断电气工具的电源。,离开工作场所|遇到临时停电|暂停作业,ABC
电缆隧道、电缆井内应有充足的照明，并有()的措施。,防水|防爆|通风|防火,ACD
在电气设备上工作，保证安全的技术措施由(　)执行。,新员工|有操作资格的人员|值班负责人| 运行人员,BD
如何验电？(　),直接验电应使用相应电压等级的验电器在设备的接地处逐相验电|在恶劣气象条件时，对户外设备及其他无法直接验电的设备，可间接验电。|高压验电应戴绝缘手套，人体与被验电设备的距离应符合设备不停电时的安全距离要求。|验电前，验电器应先在有电设备上确证验电器良好。,ABCD
电气设备的双重名称是( )。,设备名称|设备编号|设备型号,AB
带电作业必须设专责监护人。监护人不得( )。,登上杆塔|直接操作|戴护目眼镜|同时监护两个作业点,BD
在电气设备上工作，保证安全的技术措施有( )。,验电 |停电|装设接地线 |悬挂标示牌和装设遮栏,ABCD
下列有关工作人员的提法，不恰当的有(),工作人员工作时必须穿着工作服，衣服和袖口必须扣好|任何人进入地下厂房，必须戴安全帽，穿工作服|所有工作人员都应学会触电窒息急救法、心肺复苏法，并熟悉有关烧伤、烫伤、外伤、气体中毒等急救常识。|工作人员必须定期进行体格检查，凡患有不适于担任热力和机械生产工作病症的人员，经安监鉴定和有关部门批准，应调换作其他工作。,BD
属于消防提示性标识()。,紧急出口 | 消防水带 |击碎板面 | 灭火器,BD
电气设备中高压电气设备是指 ()。,设备对地电压在250V以上者 |6—10KV电气设备 | 设备对地电压在250V及以下者|110KV电气设备,ABD
在从事可能造成 ( ) 物体打击等工作时，必须使用安全工器具。,触电 |坠落 |灼伤 |摔跌,ABCD
若需变更或增设安全措施，应符合下列哪些要求？(),重新履行工作许可手续。|填用新的工作票|由工作负责人征得工作班成员同意|在工作票上增填安全措施,AB
下列哪些人员，不准对运行中的设备、信号系统、保护压板进行操作？(),检验自动化监控系统和仪表的工作人员|运行值班人员|检验继电保护的工作人员|检验安全自动装置的工作人员,ACD
有下列哪些“有电指示之一者，则禁止在设备上工作？(),反映检修设备电压的电压表指示有电。|表示设备断开的信号指示有电|允许进入间隔的信号指示有电|反映不停电设备电压的电压表指示有电,ABC
作废的操作票，应注明“()”字样，未执行的应注明“()”字样，已操作的应注明“()”字样。,未执行|作废 |已操作|已执行,ABD
装设接地线有何要求(　),特殊情况下，单人值班可自己进行接地线的装设工作|应先接接地端，后接导体端，接地线应接触良好，连接应可靠。拆 接地线 的顺序与此相反|人体不得碰触接地线或未接地的导线，以防止感应电触电|不宜单人进行,BCD
属于消防提示性标识()。,击碎板面|灭火器|消防水带|紧急出口,BC
脚手架分为()、 外脚手架、内脚手架和()等类型。,单排脚手架|综合脚手架|活动脚手架|简易脚手架,AB
消防安全标识有()。,警告标识 |禁止标识 | 疏散标识| 提示标识,ABCD
控制噪声的传播和反射的措施有：(),隔音|消声|阻尼|吸声,ABCD
当有限空间内存在可燃性气体和粉尘时，严禁带入能产生()的器具。,电火花|明火|烟气,ABC
汽车起重机、高处作业车操作人员要求持有效的()证方可上岗。,特殊工种操作资格证|机动车驾驶证|高处作业证|机动车准驾证,ABD
担任高处作业的人员必须身体健康。经医师鉴定患有()不宜从事高处作业，不准参加高处作业。,心脏病|高血压|癫痫|精神病,ABCD
安全网有哪几类()。,密目式|平网|立网,ABC
下列哪些场所的门必须为外开式()。,母线室|电子间|开关室|控制室|电缆隧道|计算机房,ABCDEF
手持电动工器具如有()等故障时，应立即进行修理，在未修复前，不得继续使用。,保护线脱落|绝缘损坏|插头插座裂开|电源线护套破裂|有损于安全的机械损伤|无试验合格证,ABCDE
工作场所的照明，应该保证足够的亮度。在()等地点，还应设有事故照明。,控制室|绝缘工具室|机房|操作盘和重要表计|主要楼梯、通道,ACDE
使用风动工具时下列哪些做法是正确的。(),只有在停止送风时才可拆装软管|工作人员不准使用或修理风动工具。|风动工具的软管应和工具连接牢固。连接前应把软管吹净。|禁止将带有工作部件的风动工具对准人。|工作部件停止转动前不准拆换。,ACDE
电气工具和用具在使用时的注意事项是什么？(),有无接地线|不准提着电气工具的导线或转动部分|检查电线是否完好|接好剩余电流动作保护器|使用金属外壳的电气工具时应戴绝缘手套,BDE
在使用砂轮进行工作时的注意事项有哪些？(),砂轮磨工具时应使火星向下，可以用砂轮的侧面研磨|使用砂轮研磨时，应戴防护眼镜或装设防护玻璃|应装有用钢板制成的防护罩，其强度应保证当砂轮碎裂时挡住碎块|可调护板和砂轮间的距离不大于2mm|应无裂纹及其他不良情况,BCE
哪些工具的手柄应安装牢固，没有手柄的不准使用。(),锉刀|电钻|螺丝刀|砂轮机|手锯|木钻,ACEF
大锤和手锤的锤头应完整，其表面应光滑微凸，不得有()等情形。,歪斜|凹入|裂纹|缺口,ABCD
控制产生粉尘爆炸的主要技术措施是() 。,消除粉尘| 惰化防护|采用抑爆装置|密闭、通风|适当增湿,ABCE
在易燃易爆场所应该()。,不准穿带钉鞋|使空气越干燥越好|应穿带钉鞋| 使用铁制工具| 应使用铜制或木制工具,AE
电力企业的两措是指()。,安全技术措施|安全预防措施|反事故措施|事故控制措施,AC
根据《工伤保险条例》，下列关于工伤保险待遇的表述中正确的是()。,工伤职工到签订服务协议的医疗机构进行工伤康复的费用，符合规定的，可从工伤保险基金支付|经工作单位同意，工伤职工治疗非工伤引发的疾病，也可享受工伤医疗待遇|职工治疗工伤只能到签订服务协议的医疗机构就医|在经办机构同意的情形下，工伤职工到统筹地区以外就医所需的交通、食宿费用从工伤保险基金支付,AD
安全生产检査应重点检査的内容包括()。,卫生条件|易造成重大损失的易燃易爆危险物品、剧毒品|锅炉、压力容器|起重设备、运输设备,BCD
职业危害因素分为哪几类().,劳动过程中的有害因素|生产环境中的有害因素|物理有害因素|生产过程中的有害因素,ABD
安全标志是用以表达特定安全信息的标志，由()或文字构成。,几何形状(边框)|对比色|安全色|图形符号,ACD
风险是指某一特定危险情况发生的()的组合。,可能性|后果|风险程度|危险,AB
下列选项是属于安全生产管理制度的包括()。,“三同时”管理制度|安全生产教育培训制度|岗位标准化操作制度|安全生产考核和奖惩制度,ABCD
贮存可能产生职业病危害的场所，应在入口处和存放处设置相应的警示标识以及简明中文警示说明，下列()属于此范围。,化学品|有毒化学品|放射性同位素|含有放射性物质材料,ABCD
以下()症状不应判断为伤者无呼吸？,感到伤者呼吸急促|胸部有起伏，但口鼻处感受不到空气进出|胸部有起伏|感受伤者口鼻处空气进出较弱,ACD
根据《中华人民共和国职业病防治法》，用人单位和医疗卫生机构发现职业病病人或者疑似职业病病人时，应当及时向()报告。,所在地安全生产监督管理部门|用人单位负责人扎|所在地卫生行政部门|医疗卫生机构负责人,AC
根据《建设工程安全生产管理条例》的规定， ()等特种作业人员，必须按照国家有关规定经过专门的安全作业培训，并取得特种作业操作资格证书后，方可上岗作业。,登高架设作业人员|垂直运输机械作业人员、安装拆卸工|起重信号工|爆破作业人员,ABCD
班组安全日活动的内容包括()。,结合上级下发的事故通报，组织分析、讨论事故原因和预防措施，查找本班组或个人安全工作中存在的薄弱环节，制定整改措施，吸取教训，以免重蹈覆辙|入学习安全生产文件、安全管理制度、安全操作规程及安全技术知识|根据事故预案和操作规程的要求，进行生产异常情况紧急处理能力的培训和演练，定期开展防火、防爆、防中毒和自我保护能力的训练|进行安全座谈，就安全管理和隐患整改等内容提出合理化建议等,ABCD
下列属于机械伤害的是()。,厂内机动车辆在行驶中引起的挤压|静止部件与人体接触引起的切割、刺扎扎|起重作业中发生的挤压、坠落|机械设备运转对操作人员造成的碰撞、冲击扎,BD
依据《特种设备安全监察条例》，场(厂)内专用机动车辆，是指除道路交通、农用车辆以外仅在()等特定区域使用的专用机动车辆。,旅游景区|工厂厂区|高速公路|游乐场所,ABD
有限空间作业前应进行测氧。测氧可以采用仪器仪表进行。如测量装备条件难以满足时，可采用小动物试验进行。含氧量小于()%时严禁进入该作业场所作业，必要时进行强迫通风，待含氧量大于()%以上方可进入。,17|18|16,B
地下有限空间：包括地下管道、地下室、地下仓库、地下工程、暗沟、()、涵洞、()、矿井、()、地窖、()(井)、沼气池及化粪池等。,地坑|隧道 |污水池| 废井,ABCD
地上有限空间：包括汽包、加热器、()、()、除氧器、煤缝仓、()、()等封闭空间。,水箱|磨煤机|灰库|空气预热器,ABCD
用以表达特定安全信息的安全标识，由()或文字构成。包括禁止标识、警告标识、指令标识、提示标识四大类型。,图形符号|几何形状(边框)|安全色|划线,ABC
()及闪点小于 28℃的油泵房等建筑物，应采取防爆泄压措施。,乙炔站|电缆竖井|贮氢罐间|制氢站,ACD
严禁选用()工作服替代防静电工作服。,纯化纤|纯棉|涤纶,ABC
下列()是发电厂厂区重点防火区域。,电子间|主油箱|一般材料库|袋式除尘器,ABCD
严禁随手用()及其他建筑材料搭建临时铺板来代替正规脚手架,砖|木箱|木桶|竹串片脚手板,ABC
粉尘防爆区域的()等设施未经批准，严禁拆除。,防爆|安全|除尘|通风,ABCD
有限空间作业根据作业环境和有害物质的情况，应分别采用()及呼吸系统的防护用具。,腿部|头部|皮肤|眼睛,BCD
患有下列()疾病或病症人员不准参加高处作业。,精神病|心脏病|癫痢病|高血脂,ABC
未利用的粉煤灰、灰渣、脱硫石膏必须按照规定排放到贮灰场。贮灰场应采取()、固化等措施防止二次扬尘污染。,碾压|绿化|喷水|覆土,ABCD
机动车辆在()等特殊环境作业的，其声光警示装置应经过相应试验检测合格。,潮湿|低温|高温|粉尘,ABCD
行为安全观察与沟通以六步法为基础，步骤包括(),启发|讨论|沟通|表扬|观察|感谢,ABCDEF
各单位每年应对()进行培训，经考试合格后，以正式文件发布有资格人员名单，并通知有关部门和承包商。,工作票接收人|工作负责人|工作票签发人|工作许可人,BCD
企业在风险评估过程中应重点考虑(),评估的全面性| 评估范围的充分性 | 评估对象的充分性 |员工参与的充分性,ABCD
风险辨识：环境风险种类分为(),土壤污染| 工作环境污染| 生态失衡|大气污染| 水污染|放射性污染,ABCDE
设备风险种类分为哪几种？(),设备异常|设备损坏| 设备停运| 设备性能下降| 设备故障,BCD
风险的范畴划分为()类,环境类| 职业健康类|人身伤害类| 化学类| 设备类,ABCE
安全生产隐患分()类。,设备设施及物料类|场所环境类|安全管理类|从业人员类,ABCD
安健环管理体系中的“危害”是指可能导致()或这些情况组合的条件或行为。,财产损失|工作环境破坏|伤害或疾病,ABC